"stars1suhgf5svhu4usrurvxzlgn54ksxmn8gljarjtxqnapv8kjnp4nrsu9n0cj","Acre NFT","ACRE","stars1wug8sewp6cedgkmrmvhl3lf3tulagm9hnvy8p0rppz9yjw0g4wtqmpd9x3"
"stars1yw4xvtc43me9scqfr2jr2gzvcxd3a9y4eq7gaukreugw2yd2f8tssqyvcm","Colonial Cats","GATAc","stars1xr3rq8yvd7qplsw5yx90ftsr2zdhg4e9z60h5duusgxpv72hud3srz4yul"
"stars1ltd0maxmte3xf4zshta9j5djrq9cl692ctsp9u5q0p9wss0f5lmsvd9ukk","IBC Frens","IBC","stars1hulx7cgvpfcvg83wk5h96sedqgn72n026w6nl47uht554xhvj9nslcj07e"
"stars1dt3lk455ed360pna38fkhqn0p8y44qndsr77qu73ghyaz2zv4whqnm7uc2","JunoNots","JunoNots","stars1z7asfxkwv0t863rllul570eh5pf2zk07k3d86ag4vtghaue37l5seu8sxk"
"stars1t3f4zxve6725sf4glrnlar8uku78j0nyfl0ppzgfju9ft9phvqwq47have","Genesis Rats","RATS","stars1yg8930mj8pk288lmkjex0qz85mj8wgtns5uzwyn2hs25pwdnw42s2yftkx"
"stars18a0pvw326fydfdat5tzyf4t8lhz0v6fyfaujpeg07fwqkygcxejsnp5fac","Hyperion","HYP","stars187zds75uenfxht2zqz7e0wxn3ushcawvf2ndrns6q63hgfn6ptqqt0ayra"
"stars12njsx22ne73swjqxxn5e7xtc2n95y2aw8r73cqdth0g86way24cq98v5q7","Endala","ENDALA","stars1yrnh5d60cp5tctt8ngv626u7g3ejkmmecc92etjt2wue5ff9wxsq4fm7h0"
"stars1y6hjq8yvqzk6al4yrjl7yjkt87ujvhaq32c0qvt7627sk0j63d2qsntjgw","HODL AvAtArs","HODLx","stars1hpgq5juh354nepq5wmwyddts3eex9t02rd4zrhqqv5nsrpht9r6sfu8v8y"
"stars1m4ns69zvkk2zv0946mw298tlky5ckvu08rtxggtg29p784kc5sxqwgx4h0","Baby-Atom","BBA","stars1axw5he6ktvz8rgacec3ldxmegy0urn0xevsysl7e0hx6dx90er6qwy337a"
"stars19jq6mj84cnt9p7sagjxqf8hxtczwc8wlpuwe4sh62w45aheseues57n420","Bad Kids","BADKIDS","stars1gc5wcdn9ges00w0l2cfxd7r2puyflak5dmkg26rsh083afmnrjxqu7sutd"
"stars14sa4u42n2a8kmlvj3qcergjhy6g9ps06rzeth94f2y6grlat6u6sv9y4pd","Stargaze Trooprs","SGT","stars1phczxfyh2jmymd3qn0u0unlazytqnrtasp8cdy20j6w6y323q8fsfhrmd6"
"stars1l6ut7ymdzhf38wldp0eu6ccjawgvzku69kmjl6ddjqpcm9f62gkq3h4a6p","Cosmos Constellations","ZCC","stars1qsnv96vv2s972lvq568pnu35pq2dzf839d2rn5wxnen76yejlefsw6rnfe"
"stars1lj48z799hq4hgzg6ppdzsq55h6cezfe0cmrnnv7cclkpw9qrvf9sdmyvgy","Glitch Candies Genesis","GCANDY","stars1jy9dagaycutdcjf99tp9uhl5ev9lykegp2tph6r9vu6xg3td6krs7agujy"
"stars17s7emulfygjuk0xn906athk5e5efsdtumsat5n2nad7mtrg4xres3ysf3p","Stargaze Punks","SGP","stars12lw5q9yrw7ndasstadzala8hglscjwtadzfe503v9uwgu74vh9sszm9g3x"
"stars1zvjnc08uy0zz43m0nlh9f5aetpa3amn6a034yqvmsgvzshk9cldsdhqjzg","Genesis First Press Owlies","GFPOWLI","stars1zs0uj3lm2jfeeekkula2rs2axs2txpyll3tnupu6flyd6mjjgv7sh7txv6"
"stars1r57m20afwdhkwy67520p8vzdchzecesmlmc8k8w2z7t3h9aevjvsxwdluc","Glitch Candies Genesis","GCANDY","stars17tvqfx3m2q86mcpynfrcvl2cfe7spegv02n5t0eg5yxr80ut99xslfrlmd"
"stars12cvr4t3rqdl5d90p3qsdq2ej8dte5k4gdsxs6uccmzq4h2307nfq2lruvz","ANYO Part 1","ANYO1","stars1ywpctek72gsccmr8gjgaamzs8vhh7ju3sjtvwk82daafavw5u0es293t0m"
"stars1n08lr7w2tkpd8m79hmt3ex7076awk77qysdzlg70a35agwzznwzqwgfq0j","Women From Cosmos","WFC","stars1lndsj2gufd292c35crv97ug2ncdcn9ys4s8e94wlxyeft6mt3k2svkwps9"
"stars1xq7yffwchsu2ldw3lukgzcncryva7wt35gv9cr59wt6ts2ktknwq559zr5","Pizza","PIZZA","stars14xdx2sdeergukpmjz65pt2l5n34xwn4cr8nac98d0t0583gwf6usm8w3yv"
"stars15pqspe0lcyeztwmk232vkwqgpklku5t74du00827l44p4vxnal7qvevcuw","114Shut","114SHUT","stars1m95chyen8tqrawmjhxrewcwscg5vj8pkxzxeaw8em7fnjwth8rusaftwk4"
"stars1w9udhqtvuefwfmx7af9qe5jjhmrjk4p7ezxm6py08puykgen6uhqfft0xv","Starty","STARTY","stars1fqsqgjlurc7z2sntulfa0f9alk2ke5npyxrze9deq7lujas7m3ss7vq2fe"
"stars1nzvd5njkc0gqdezgzzqw00tu056rgxgwaqgq25g9ku0y5au3nwmq6flhtj","Army of Ra","ARMY","stars1kydlyzdwqkyxw360hu95320p62tu98mz04sk2p33as0j9pa20d6qyzhjc5"
"stars1fka7t9avjmx7yphqxn3lzy3880tgcc0wu23xwfwxe5e5y3lkmzfq3ne5gp","25 Nights","NIGHTS","stars1y8hzen47d50ur5wx22m3zsgh7ws9u9a38wgadl8sg7k3fnd6jfns35cyeq"
"stars1hdnu502uecmddk9w48kxvekgp43mjdpr3mza9kj2tfvjpgef5grs49vfr0","Earth Liquidity","RTHLAB0","stars105puweuzdvf7eqs69znpkwuzx6h0h3ms8qzre28n5gx0ekp9p6aq8alx5y"
"stars19377ce3k2893s98xp58vg0jtgtvj5qv405y36l4wf4z2xhnjwh6s6a2xe0","Oblitus | Forgotten Worlds","OBLITUS","stars13uulcmq0j6cj8rve6csgcd00afg9c2wf5gqqe6kxay75c3dzrp2qumteff"
"stars10v8m3lglw4vat5g3w4xj7ven7puxudnqkjwwaf9nh3alukxpmh3qm4wzwh","Alpha Centaurians","ALPHA","stars1uu7ggnkl4knssngtsqlnjtyy20xkln9343c7qrv6j2fj8luqr50qwm923h"
"stars18p7lhcxl3ac85ke52u4h7mmzkv5pk5jl6lpgk2sp73a0cw3u0c5qau8wku","Bored Puzzles","BP1","stars1t8r3w25qzpucwxw9e3s5fwqjkvn8uw3jvgvgukpzm9afehy7fmesl8ftcu"
"stars156x86uprzaj04v7qwnpl8djj5jws3gn73jz08qkydmkd0c0lp6gqv575pm","The WadSquad","Wadz","stars19cxgvr0dne98yu0js67tr6v2xt57q53h7fcde3qtvgathhnqt7rqgysax3"
"stars17ptevgk0rr06mctweh66mq54ywq62yjllwh5sg0e0f3mr5sta0zqmmu0z6","IBC Baby Apes Club","IBAC","stars1g0tvy7kahkn4fcs7qdh7sqlu89jv3kya59n3208430egzhcrrzwq7nd2s6"
"stars100pmxfny54wktum5jklg9vme7d5pe44h7va6uw4smccte6wkfaus7dl8nj","Horizons Unbound","HORIZON","stars1lnrdwhf4xcx6w6tdpsghgv6uavem353gtgz77sdreyhts883wdjq52aewm"
"stars1dhmd8lredr9psu4afk8j3lstdg896pme49mje6maxucuuugmmpts7q7xhz","Psychadelic Rugs","PSYRUG","stars1e3j47h79pkqv34jdujzu2062k5cczxm9lrg9auyp9zn4axgme67sm36cfm"
"stars1379zqdvfjcv3sd0w2zhkvtlc0au5yy4htad6fec92c09rpptd6ls5g094k","Sunnyside Reapers","SSR","stars1z6wep7u638fmyehatcyc7j7tjxl8lw4dk3jlzkq90yfxfq66vsns80v0mh"
"stars1lgprt38gkp4nvggjl0dm0e7k5lgd80e525f8rjg60tc6fk2xexcqzrzwg8","Poppex","PXP","stars1l6j9z82fvpn0mzkztmjz0zu78kj9nuh68vdd6czs8tq00ngltnxq96t5d9"
"stars1plauy5jh7dggc0pvcduaaj4slk7l9w883mecxkew7xaff6uzmztqq0vmhd","Shnubbles Breakfast Drop","SHNUBB","stars1p0shlmt62g9m300qmxn7necwag2yd8cjrvaks8z783fj6w906suqe0zz06"
"stars1fmz5sefkdcmdad9jtndf6v9ugy7dr9sx2jys8a8wg2mxa3lr4llsdlx64p","Starchoadz","CHDZ","stars194u9s4qvujm06573me7lcf5nuxj9vr690syllnrpd4w4mvpncjvs6rc2w0"
"stars1kg02jufkxt6znuv2r96nkpdc7nxdlfeznaz7gfyj6449x6tle2ksm27zcg","stargaze mfers","sgmfer","stars1qetvausf453rrtt8lg0lrwc3txkju9tpma5kxagua58u26wkrvfqq7h0z9"
"stars1m6s6l9uhstdnhnetcs29da4enf8qj0nk4rdvl8gxhl0m8pudtfjsxzslcs","stargaze mfers","sgmfer","stars12dyn2gyprw2jh0y4zycvsdz9l5m4lv7rx6338pg2vede03jryyysk7m57l"
"stars138yg570khkg2kehjkw026st73q237jnse6t7sf0uwvjc9mafdk9sfyt7ta","MultiScape","MULTIS","stars1ng7e7cgftnpp5f8tkx4lfyhylt93kr5zxnqasxdywrrz2hy82jwqgp8a78"
"stars1u8z2n5u7whwf4656yxfyh8ssjxy2tuhavds8ddrmdfvvwu84cvuqvvqhtp","Women From Cosmos Stamps","WFCS","stars1jqqypd57c2hq0323qzvagexcv2vvdh6w676c6t3z5qdhz3qrm4nsgwfszu"
"stars1fdtlnwuqwp38tq5ky5g3xfkkafexa4e8q4qy90jxe2vmtl8n56ksd027yt","Sunnyside Mythos","SSR","stars1q3e4uu0ma7ua63la0n6qvngwl9dpqqeuvrg0t5weq5maag46atqs4ardw7"
"stars1w23vphvjp0qm4jhche00905admg69pgry74vv88d09c4k7g67n3qg8mjdq","StarGazed Flwrs","FLWR","stars1ua9rnvdv7sd4tkdsmjgl8v32mw8465s4d5v4fwskqdr8ahlp0nuq4g8tkl"
"stars1exfwrk0t57hn8ffcwjdnh6rkp7mq0n39duhaugttf69znaeq3w3sgs3ere","C‚àÖsmoVoyagers","CMV","stars1gx87aqhck908zttzkms7wpgs3d6ljeg2nzh9kz2vwp326vp5pslqdjxhde"
"stars168ctmpyppk90d34p3jjy658zf5a5l3w8wk35wht6ccqj4mr0yv8sqshfkl","Cosmic Horizon","COSMIC","stars1a8na9uh45z8z8k7r4qs0kjy5jp43rjx7crjdy7j28lva6thfmgqqsdxtpd"
"stars1lvhdnjcq05czd38hy25fzk80cn03hhxens4e2am9468rmpzc82ms6l0k6h","Babychoadz","BBYCHDZ","stars1kzhwsnndy3fp2la8vplj2wnjztw0cg5yhu3ucx2x2km790s2j95shdhtfd"
"stars1w9pht45shvg9p0lpvs37hug0jggplaet56gz44vx4lcw3fuamfcs7wqk8a","Cute Crypto Girls SG","CCG-SG","stars1ljjghtxmv93sdhfawlm7ewudgfpsne50pxh35ldys944g2qtlgsqk2ysqs"
"stars1j9a5fr6rcfq2kuew5n48cc6l6j2wd2jzrw8eea0aj8qypvex02dq568vur","OF LOVE AND CULTURE - an ANYO side collection","ANYOLC1","stars1x4etkxt8lh6nqh78wtk5zwc22kq8l8rznmxqrjgakf2m5qump06sjcd6y2"
"stars1gje2etr7mwfefd77lfrd4a9avvru8pkmzypu6d4nu0jxrjkxzdqsddwpgf","Honorary Choadz","HCHDZ","stars1h9c9qgve2v74g9pxkqk6p8jez2uqzk23j7glstf7ezc8xdtl3a8qs6ccz8"
"stars1quce89l8clsn8s5tmq5sylg370h58xfnkwadx72crjv90jmetp4syt4sgr","Andromaverse","ANDR","stars1zwn7j7hfddk2yz66q4ddw2lqw35qlaqxnkdwg79pqhje5dv83m4stzxdax"
"stars14rs8gv8phhxtwjad096swkdd8sfg2s7c2xe55ses50spkwr585ns5durpl","AI Artist Samoyed Ash Collection","AIASH","stars1sxvt8j79sqdf5nwnltga77u7emsyqxzv0wlpwnxjfvej0yetzyqsxr96qy"
"stars1zkjgu5pdsswczdjg87v87wtyhavavnq99jnyngmn83x58kly49vsjd06qr","Happy Puppies","PUPPY","stars1cnpp5lclzeegm2rjtrxha875cqjnuz370yytuxltlugdwwc6m4nsay8xkw"
"stars1kfem4ue4qn9p689ldye9t4seh077lz3ztr4zhjadxptjsaujxk5sv763m7","Stargaze Trooprs Genesis Soundtrack","SGT","stars15rqr89h7cgne0gv2qknlg6zks6skw0fpu753gdydc7fn9p0djj5sdcpr7d"
"stars1vvgyl5xndpqn3vgymjlwklv7kjmk3zwzf6r6ukakqk5qnzksktdsgr7x2r","Flipster","FPR","stars15uxzeqxsegtpdnljhz50znmvzy8run5snrp3wvnhcekrj48kc70s8vn99g"
"stars1pq9fc4ln2zm883hgkn90w4wza9y0cy50tjl52htuhsxsg94tqrgsxnpz40","IBC Ninjas","NINJAS","stars1qnk66art3dqgs50k3evdf55nh4m8tfew6fevhsr0g69rljttmnfqrk76g6"
"stars1j875gkljknhq7n2g5lsckl3zuj2tyxvqgz5gyku0xxssl0usm5wqc750p3","Classified Cats","ClassC","stars1klg9pj576qra5862svgwcs07r40sdks4xk62j3t9567k2z79nr6qn406kq"
"stars10stecvwvxzkh3ah7y6j0kcwe3chmrg37zevjgjpz06sqx8vd5d6q5f9aeh","Stargazers - First Federation","STRGZRS","stars1nx6l8x7kr8h5z4nvmaru264jg4rfqf0eceznfgmhyhghge4v7k5sdhey8q"
"stars1w4dff5myjyzymk8tkpjrzj6gnv352hcdpt2dszweqnff927a9xmqc7e0gv","BitCanna Buddheads","BCNABUD","stars1cpzvvmlrc9lcw3q5yrznax0uk5h6xww2d4ch9xve4xu8mfvgw2kqepnwd2"
"stars1dyesd909dxcrajgcfgvf88hwev84p02rqfqw5fpqxc6yptkwrqzsekfajk","IBC Frens II","FRENS","stars1qdc4zj3mnp5z4x99skfchtf8dls3k7v6j4qenuwddqhey2988uksc7vwca"
"stars1fvw54y5r0l065zn20372sfdtmx0wzygjhlwqz87y3lg6epaqfcfqjlm0qy","IBC Frens II","FRENS","stars1ql3rp742y4sp7u2vyuk47z8cxa9qkwg3m0ft0a7z9mffj59p7xgq79f57p"
"stars1vlp9crs4jw3m3l3mne5zh4602pyl9lwv6tj3j4x7a8nc0ayrscps9cs2yk","Stargazers - Honorary","STRGZRS","stars15638d5hya47w77fayzzq5lj4t2mq9ljy9ugkreumetv3j2ssjvmqjm6ehg"
"stars17v00rapt956mudlfxl3t6gf455t07y708z8vjkjfgar87q8c9vns4n5dcw","starstudents","SS","stars1u0xl257qeqt9ltrtn3wnwrxjtv8qvkhemxcswj4f9km7n0tqvn7q5zxnvu"
"stars1k0anackr8h5l5aefm3czs3f8n8mlqgrz53yrmumlmqxmn6xdk5uq5a3wmh","starstudents","SS","stars1hm3euhj0qkyz25yrha9mraqq8sx2dsc7n8gdhd0k3ykrmdqyh8eqqxs0jp"
"stars14d9u3d2j7tfpj6tyfaft5a7szq2sc89dmtvfd8vfdhqct296qkeqeqqqtf","RePop","POP","stars1c6khwcyaku4rd08tg7rg33h8rx9d9g0p679hk2aw6arynj79mhyqx94p0q"
"stars12qltyf0vmpwlfn2g2ghd26uzjtfpmxu9f4fwjvgwhrk9je0xg73qwhvarf","RePop","POP","stars1lq9fjtgtd50kzf30uqgae3mh0tmp54ek4gmak8d97930dhgy4rgqp0kgx0"
"stars1enfv7ek9ut98458v4h7wr69gashr7eta8scgha44ujkm4xue5jes2h8d03","Stargaze Miners","SGM","stars1c7hrh6q2530m4m4ll72vds4j766fuphdqw20ayp4p23npr46hczs6th2kf"
"stars1rteyn7vnazp9utxtgwdfcu7dxg7ezg9u9kspmt4ua8st8vuh8uvqn6ngkl","Crazy Doodle NFT","CDNF","stars1m2276mc8mzmzta228a9ymlv9ev83v0pu6a9v8n5l0jtg47w06n2qpd4kz5"
"stars17u493k974uagyay9eh97tudyygfr6qgcgfmxnzle60xerqtsdycs9alpzn","Crazy Doodle NFT","CDNF","stars1fjwfv6tue63ej0uhr0ta7d8pmv592xk08eg25kalxl7v7xtrsn3sd2ltjz"
"stars15cqej6m3wdqkde2h3x896t4e7ln8ru2xefgznvqcrx2c4cv4pljqjg2hh8","Star Apes","SGA","stars12uc9vl8wd974at6l2zq3ahk83fnepjtkx7xhtx5yzstwzxsq3j3qgpz694"
"stars10juvx9f33necd95uwsqee360d2ppemts8cqaewnj35ya59h3fu4sxq4nz7","War Cats","WARCATS","stars1ey26a07wzh3kd3vekn7dn3kp4z2n7xddxncnh03tn6ha83ft3l6qt5szh4"
"stars14s5myt0x09unqgkn5jqcu4evg82xr6q57dw0xu2dhnjuk0q3lazshr7hvj","War Cats","WARCATS","stars1z4gdx0vgsks4cz62tvergz5mpafp0jsn6cufsa7amymh9dengppsrkl9yn"
"stars1tzntdhpvlh2dh62wdv4waerd8y9s5sl4n6wj2ejm07gn6yht9nrsx5h40n","Star Equinox","SEQ","stars1ywlmr92mxwj6c45h7snumffv59arld6c3cnnljcqxh0h4652eansdx3j2p"
"stars1lrgf6apkar4426v6lhegkpsw9wsazka2nxs8exl6a3fz59vhspfs4qp70z","Waifu","WAIFU","stars1x7kcezlz3dex8x6lgum7wpuaqcw4k2m2ajggrqlnavrqgsg0rzuqaf72rh"
"stars1txmfsh3x38qt3fgsuthmmmqc7d96zh5k6t803fnpkm8dxa52tdhqzlrs0n","Blood Ritual","BLDRTL","stars172gt9a6rkg7cdgc4c9vcalxy7gkyttsjvzectatmeadjdslxvm8sugxrgx"
"stars1gzy8y56nwrapr95zfxj49zk92gufkc7lge4z4za0746w04cksvdq2qjs46","Wanderers","WNDRS","stars1849ymg8edecxr95jlqdng5q2y0klnl49ua3rsdtj837h62k4pjrqge3r73"
"stars12h8e2a7e4de4ksmyvg2tcv0utgkrrezerghyh3kla3czh6axwaaq74me8w","StarCity First District","STCTY","stars19eaxsy2g7ztv7lwmxs4ak8hnwsu6sc6wh9xgluca2mnxzvqx7dmq6xc4aq"
"stars1lhgl2n9uq3thss387fphxjrfc90s3knzg9yue9nnx63at8xngyssxf8ser","StarNots","StarNots","stars1235490mvxglc5wacn6lrses45dcl74htj3hxym6f0fhmags6w9xq20c3py"
"stars1gu6q59h3dqnwvsprmff6qvfta8ld9xvu50r9zrgd08l8n9qqdptq0htqsg","StarNots","StarNots","stars13grr6449xke65q3wxd4sghw5l794sf6pwhp37cxtkcvygrj9mzksssfrw5"
"stars129fydvny3e6a5wnjwwnus3st2jumxnrwkshayj4v0u5k872svueqytelsx","Women From Cosmos Part II","WFC2","stars1tf9y0m8kn48ujxn5rn0hufhx22ct6e2l25jmgw78egschyclzk3q3wh24v"
"stars1jcpw8mu58tg2c9e5wl308fs3tu4vpstu2vpqm8ruf763ma4hlyzsdnmjdy","Ramenheads","RAM","stars1wqk4wsk0t00uu39wl96m0myky2wufvgfzcqjuusnq0q9k7zumpeq4hz9xk"
"stars1qw4fh0hyd442qutcs570rs5x48nm2495aru4wgf4vd8v8rzpsz3q6xldzu","Interchain NFTs","INTCHN","stars1xxu093mj5mqk26h3mgjzaykyetdpl337zp34plv44xvdlreckmmqzeqwtm"
"stars18ucqrylqwrcm4s82c6cymf5d3g5funhwjzyrjgehyuvmqpu5kcjssdnuef","Stargazers First Federation Challenge Coins","SGZCOIN","stars1t2zx2veeelr5gy6ttuuw24fj0xzvg50leevjr4xna3av9vj4sy2qsrq0rp"
"stars1wt6lll52ywm5a0960sqemfd0jsp9aq867stjdtkg0fjmff0r6d0q288ykx","Star Equinox Complimentary Airdrop","aSEQ","stars1upsggprgqjhum9z4jq3v4euja8d753050xx4et58n5c690l6zpcs40exkv"
"stars1qmwdydekl7ljgm0phj5f2j2chfg0djylq6uwyrm6x8ye75sckt9stql28z","Waving Cosmonauts","WAVCSM","stars18tj7yvh7qxv29wtr4angy4gqycrrj9e5j9susaes7vd4tqafzthq5h2m8r"
"stars12uf778e0k37gu9sa6k52fz8xgmeldhhvehy6aya37228zezenyqs7a3lsw","Existing","EXST","stars1n0sfcgf9nu7tq4hr423dgpvy9kz67xfvd9v96u2e5cjywx7s0ymqhtucfs"
"stars1nv0lyvr90tsypcu70ej9dk5vuwpf3j2ptf54474cxuce5uqk6jkqnqjteq","Existing","EXST","stars17jsavjv985gwwwf2y0jdp8cs3vw9ykn0hq5343k4xag9724ahm7s0gwnta"
"stars18u7q834ln454km7f9z37s8zlmqe3j2fk2u8as6qcq4tmj9x675lqja8c2g","Existing","EXST","stars148ztj6t92fwl8xd5pzgnyz3jlafafyp5drj3e63jg3tj8af39sfqqhkenr"
"stars1hrvnxtmug0jlp3qsg877dfnr7vgxcja6tf9c8m4kzjqlsr5l2xfq96xf9v","The WadSquad Presents: Chill Vibez Vol. 1","Vibez","stars160gdu457q9ncmfv38sy7028lsuevg0xc4yhsqpnye683gxqtqzcqpl0atc"
"stars1jnytuhs5jj7fu6zw40nmp9nncn5t9tk9t4t3xqft4vle5myl9y6q530t2e","Sunnyside Elite","SSE","stars1fpettpat4thmx4q50x80jyzqled5cn5upf9qmth9kltr9g49vnhs60l8vx"
"stars194drr5fq7gs5647u3wxrndn23vxvtgknyhd2jlqp5363nj4lhqssydsm7q","ANYO Part 2 -HUGIS NG ORAS-Shape of Time-","ANYO2","stars1qj6gq7gdswykyvx40ua3h9pup4capxcja5zslxsca5r4ruvlwwwq08mz40"
"stars1qxw3fxxtca4s0pl08cercll9kjdu6h827t76nfkewdqy7ndf6xpqv9yy52","OG Starz Club","OSTS","stars1dg6tgwxhjqg6rnrf77t8ly8wcqm394q3kvuq92plk679h5jg0kasc6f9xu"
"stars13lmlc6k95g80897fufuq98fe2rewcfvpmgvy7egafdkf9tue52nsal8vhd","Stargazers - Honorary 2","STRGZRS","stars1vm3yqk79u7jtes9dgvzskgjaf2csf0grrw8wptkw2f2dk6yhwvwqt9xrmq"
"stars1r8kuj838p5swyc57zahftarhkhmvsr6xmfmjgz3xq8yyvuvy49usq0q232","Food For Thought","FFT","stars1yrq9t3fsytvx2m75e0rq0fl9eq8xdddszfsm7sec9h2k9gqdm56sdj4usr"
"stars10xca2kaca9k6jxhvucjd4kahw9g7z0gkz7rew6qc0n6rarvurlmslr6cj8","AInime Girls","AIG","stars1l3hnxxgw8kmxu232hdhwk5xyufxer7xvplus95xuk5904tq9n6cs3y9nck"
"stars19gjs3a0pttjsg4mdj20vqtxkucv65wedttxgulv0kgjp52zlv95s9gtl4f","The Entities","CRY","stars1fz0lru35clwg0467v548mtyeuayh8xgc2gj5wugr4fhw4w9gspxqxwnm2j"
"stars1zkllfye4vzkvqfuhaeqetjv3ajcw7np2wjdfcp6uwlp2xzwys8ms676vs5","Fractalosis","FCSIS","stars12a9wtxjpy78an624gfnzkz7zsphkuv2vqj95at4y8nf4auw77jys4zh7mh"
"stars1qf263kdsd7drkp9055arflav05n5zatyyqgncqm933vtz8d5vrksm783sp","Journey","Journey","stars1zz7hnelmnmm8uqjlmrntk45saufkda4zsuz90pp2xhh5wqcyws7sph7n8a"
"stars1p7rwluy6yqzreqqq6htaxcksuaweclntw9ur4mtw9r5xe96qq7eqnt0jzx","Starscapes","TRX","stars1adt0fd597d78fhdq4gr74pu3f2kpkm2kvqs5d5qxz2gvwhzkn4ksqk29hs"
"stars120e7cul8muua6hdsusq7znru534x0lpmz08ucqj7gn8dw48m4nhs9ny6qw","Dark American Impressionism","ADT","stars1y4n228atenycpz7sl7q8vfeva4k6fk79u4acpwrdfkcf6y93aypssl7e0c"
"stars1s7zx55jcgfluz92e5d7059xg8pnpjff4m5crrzw5cvdvpmqzym9sn2xpe3","1. The Creation","VAALI","stars10crkytgrggv9kmvh4rr2e6lvzjf2k3se9k7esxgg8z0a0hpjmecsaennl9"
"stars1kj0kkvuzhz2tkrmcgn0ffd9lmv4sl3fwwj3xc87a7h9y69lza8lqzgug6n","1. The Creation","VAALI","stars14anw257qmx4xzz4vkhcr4ya8w5sunx789yn8ewrxuu7l873pm2qssc7v6p"
"stars1q3zv5kx6wtc5wuttey0e3r9gjjtu9sr8r42736rkynazyd265ahszr9ecl","Sunnyside Nightlife","SSN","stars1axuwkuxu92q24hct6zxlvmc4xys6uawzgfct7hm4uzfnntewazss90n364"
"stars1fl9glyfffr8kewueguj6jsnex3whxrhn44ucsv7djgec6prdp7jqf0r33d","Fractalosis II","FCSISII","stars1crh2y4l7tvmhnv83a2z774fqf7wj57x8n3m7vsm7e58r03h0sqlqrwgr8q"
"stars1js5jhh5jgujm5nkkfx0x9hl8lwmt49culdtyjrc5qjajyqvvkvns3k3k5h","Fractalosis III","FCSISIII","stars1gg3038m7sddlgn2sxtm4du8ad6aden3l9dfn96f35g7gxedrcq2sag5mu7"
"stars1j5e8xxm8xmtqjx7t7qejhrvfcj2cgyjg0nw9xasv3mz6qgsnwuaszv2zfe","The Kings Castle","CAS","stars18lxhyl5qx0lu59yr7eqqu0kuc470agx3awajqq8c0rf66mpxdcdq3wxq7l"
"stars15jj45fwgqchx7ycfyl2ts678skk88097fewynhaze2r32uzhwylsrdw360","MultiScape Singularity","MULTIS2","stars1uf7f3gjvv9ht8w2w3zynctfcxlwf420t4v4mn65cvhxhvfc50h5s6qrx0d"
"stars185aat5x3yksfk0xrklddzdzw7v4k2hdtdyel7jq4gysy77pdmzvqaufml9","Heart Disease","HRTDSE","stars1yetme96cnhjgn9ej2m8tsqa9fn07v7h05we0c4g0nf49h7xq8qtsus88m7"
"stars1lwlq3cxq4pcjnwgy8vyl8m55dqprxtuvxuwy3rvgly5a8qlz0mqs443hcd","Boring Robots","Boring Robots","stars1seg7y9m9h0f8vmx6wmhy0d2jpr2xpp2udz0m6hls6h0d62eewwzq4kalcu"
"stars1pg0q452yhg477hzv9y76hcl9n7m8uvz3xtkm2am95y920tjkgtnszd543k","Genesis First Press Owlies","GFPOWLI","stars1gwx369dmcw70wsmvv3zvzfr9f9hn2gszshahty9llm7z8648jprqpkrtfy"
"stars10tmkcruxm37fc7p6tkm24zy0v6ppegqlmaumugdha359ezgskh5q5ehqvd","Genie Stars","GS","stars17d8yn06y2fnt8u5dsrqrkar4l3tde8h7l7lr2lsnw3mrvpayp7cszfnalq"
"stars1dj9uare8z9qnyw9g2ce2v3789qxpx44a4swx44uyp6ez2asxn48sefvlz4","Neo Luminism Vogue","NEO","stars1klxavfavjkg3tmpurprdv77s6cfje8kmwjjvz5kpfldjmhctq96sv6q6fh"
"stars1za5jsj92nher9pw8njdngqa6xvnyxse8p8m8d6xmpyee9qatsfeqmy2ny5","IBC Monkes","MONKE","stars1htuadyferskhuagmj0twp3tn7f65x4yh2a4t63lwcfkkasv97y0qt4psfj"
"stars159mx7avhg2wac3fhhgzkassthqzp0nlh0npte8maqckfnezxt3uspfkanw","Charlie","CRL","stars1x52tyzswtgpfmzlnwxy0lcz0tjzwexvl9eh694wkt9pvh2gwlexsulhwkc"
"stars1qxcxrumxysucg9auyedz4ke38vtusr3l6x2nsl63p97wc60muq4sz7ggkg","HuaNots","HuaNots","stars1vchpj6lgwz7hpnes6feg5n8vrpa097tx3z8agu5zl37hk3mcjn3qd7z4pt"
"stars1lqyn9ncwkcqj8e0pnugu72tyyfehe2tre98c5qfzjg4d3vdw7n5qh8nefq","TribalStar","TSTARS","stars1t55k0wtpna8s025lxh0f9zmq4x7zymhr60m2khjyja9dj9lmkn9qa3f3rd"
"stars1awqn30f48uq8dllspecmjrlmcegmv2l0w5l43nnj4l75rkcpwp5srdmykh","Cosmos Ball 777","CBALL","stars1kx62tnequ4eh4c3jp9pd558h5ylkycwg6gajdyq74enrrpzw535st94xjg"
"stars1uzkent33wlz405ca3slm8n089jl8guq9jnuadf3965f3fvmelhxsrp9lm9","Sloth & Bear Cosmos Adventure","S&BCA","stars145tzpwh78y595us4k53cmlg2w9f80dvtasrv5f68hmnya7nhc8jqmtsryf"
"stars1zwyu2xv4e52k4v46r63fvncz5263m0g4gjaecf5ezvr0wkfhs4zsdd5j8y","SadPugs","SADPUGS","stars1u5hgykavd7g5nlzgfqhyrt38a74z7t2wufymy4z20fsjjacp6v3s33kqz4"
"stars105mgdz7s3p253a302yqylec9t2qzz5fvlsnzkx5tvq7zzurcrw9syt5kwh","sFACES","SFCS","stars1y7ev7hlvtt6jyhrz3c9zgn760yxhm2hhfnvwl52c85h2e39dn25qr2p5fm"
"stars1pwczkfz35emhnjkg67rfkvj4a87mdul0x9fxx020hyldhtzur6rs9pdrf0","SadPugs","SADPUGS","stars16pnh7aazx3whnzt6d0xjxalcdq7ukx8fnueqkswsy8dqqmakvvxs2ejxmz"
"stars19wzecr3muzfuwx7ds07d8a4dxa2ujw4e5af9zdhnff46p6m7lsus0u05p8","Sky Monks","SKYMONKS","stars1zwh27l6gazrr6c0jxdhekjs4cfflquacmd277rk8yhv8en7sst5svld9v8"
"stars1w8qec4wfe2gycra9kmny9n8r7547x4ychtthlkeqsqlu9x6wvdjqf5g89c","Sky Monks","SKYMONKS","stars1gflzcl6smpqvsz7nhs0tvdt5gvt6060hn0duaq0z4eq4a47fmrksx0suv3"
"stars1mxrzst7pdsylr7epqscr7thv0ng43cgzctrtvfmxtarppqny2z9ql8hy5g","Los Pollos Primos","LPP","stars1pny30vz4qe2xmdplk03h7gnrp2q2gqzy8klupk3yjfepe2d8qezqtcl5em"
"stars1r9x3twf2yymczynm0zs39frqxqr60nk9e22f54gq3n394mf2r2rq8xkkhc","Stargaze Burgers","SGZBRGS","stars1a5e4tm9rfe8w68w0pdhhcx6rqk9p25qef2qj0xn0sw4tja8vkzrs4zp8qe"
"stars15jugk3w42q4a06df4p4tfqx5jnlrk2rg0c3sqj3ch0nhwyhj28ysnfvjf6","ohhNFT.com Presents: The Watchers, Protectors of the Interchain","OHHNFT","stars1lkrunks3n8adsymusxy453q2u0ctpkeqmurn55ny6hnenl4px09qd7jl6g"
"stars1esrh98pprytnka06fn24l3phtccr3900m9fhhsvqnnfkmgq38yxskx23dt","Banana Kingdom","BK","stars1caghyr0tknmvjfg7py9pspl7dquy3x2s0gzml3227jlzl9n98zeqxglnvg"
"stars1shht0spq98cas74hskfwml3y6a7hfslttluc4yn5fml2wqr75r0sk24l5y","Cousins","COUSINS","stars1mc8wgr90x2usm3t2fgwvz36tjs38tl6c0ddqqkx4jc5tqcayrshs3m25ts"
"stars1nmuygdelycuwea6jzkcup25ywv3vv5wzdtafeaxtmdze6pug6faqph242y","Cosmic Eggs (Common)","CEGGS","stars1zduxpquusenq3ly2fw2h4wxx62ntsuuperjm5yztu9lqc600zrmq40m982"
"stars1rnz59y73pjw3vwwve6nwa470h3mlchlnrxpe9cjylkwpw5t3c7yqc80frd","NooMs","NOOM","stars1gkcasjtuwfpx6l0vn23r6d54tsvcz65rgyfqcju0pntafpgy7urqks3g7u"
"stars1ljt67lmcw6zghp6khuvfzkyex0alw7gedartlpctqat9ezazgyes6lnaqf","Honor Starty","STARTY2","stars19dzracz083k9plv0gluvnu456frxcrxflaf37ugnj06tdr5xhu5sy3k988"
"stars1vyxe7lg0j7yd7dhky5rz7xp9hrm4xwaflmdg5fm8qv72q93nwy0s2l86we","Genesis Bears","GBS","stars1zenms99e9f4rq9wjyms69s7gg0k3th7rdnlu26x3aatac3cqxc0sp6tqf6"
"stars1ydydwa5q9xzkzygysnlg7wdmf67l38x64vlqce4w8u5kwhefkwhqxvm3ay","Bean Stars","BEAN","stars1ej5m7tkgjyffylyz2x0q8kcpt9qn9hnhhmnnc9k7dzwqdqfxev9scxyk6t"
"stars1rwfflkzafdemfg6ndeh452hrj9y02ghezsungcdy2u8qxkzxf5hsmnr3dc","Coffee Drop","CoFFEE","stars1e2yngndz7ddd6hw2eyvh20t6sk6auw03w998m5f9nt7f5qc0megs6q4kr0"
"stars1ee8zf3ppjcgy0w7e2akqn0ze4f8qp3x0xz2ffq6dyg9ap4hujrvqwpdwqs","Stargaze Boys","SGB","stars14n935c7l48w7aycvtaraxm6tcp2jhrh3pkh4ldxjav3l0mfn777sjcxsmt"
"stars1rgvnv6jyer0c99xurlcfcs6kyfelx649638hwg9fatectztkzmtst3p9gl","Cinemaddiction","CADD","stars152un9pe9zsut3cqxj3cfgzn5vf69x6tt8lzch7fxg9au66zsyjeqxuwswu"
"stars1w4zjknknh9r8mctwegnvxvt3tetvhu2pu55gq9vys0z4uutv6n8qzpjv75","Cosmic Eggs (Rare)","REGGS","stars1f69x4n2jpngnr9a35jkp9vzm9jusjyx6ltl27thfefk84xc97q8qhethjc"
"stars12a52c6ls7jzztrhz3k4lr99sduxn9ykvex5utyekxz08n28k3v9q95l3cj","Cosmic Eggs (Epic)","EEGGS","stars1zv5ax23az38c8tps4clt7eeudj9hsdjn48xmnmh4th900cp396eshmrepe"
"stars1yw3v0ahk72n5agyamazd5wfymzssymcy288edshdd6ety6vl5g4qfq5fcr","Mutant Punks","MPUNKS","stars1qmn72dmr0fspenqut4acdmze9y0jd8j2gm6tufxdg60az3zf3nzsx2xqx0"
"stars1952qylkxjcgprapwuywygz5aynkdu9x5h2rtw2am2ce68j9tq2nqlmvn0f","Nazar NFT","NZR","stars16ges8uxkq87zc75fxxq0adv0cl7cp3lqre5fr2xllwysfdegxm7s3rvu4r"
"stars1l5vk5upu4dgwzzn8qlaz08xha9vujpdayg6rjg3havryvd6xqxlq9ry3w7","Cosmos Gnome Cards","CGC","stars1r05zeemu22u33whex6cd4yl7prcw4yh3yzwj0364hq2jnn4xhpvs6jp5z5"
"stars1cduue03tk3lz9ltakpksxhrw7h6nr0mhwt3g4u3y63pkxvn8r7rqqktcul","Neural Dither","ND","stars1e55du6h5jvhwhr6p0j0zgw3kdw3q0e2x8sz99teql62yg4rzdu0sgx7xpf"
"stars1c6smu729rmj2yc7mf0dz4z89vmu3jztlzxvvq3e27hx3g7ylcyjs4vh5zy","Reapers X Doodles","RXD","stars13mxcfzgv3dflg5f64c58xy4rpxyjxvalsjs0y7ve4jw8tqfqf48q2sjnlz"
"stars12jj0nj3dk5uk4ldw4hkhx0y8ewx7ts53vfsamjjwyhdpjnwlh7xsyv3f74","Stargazers - Rockets","SGZRCKT","stars1kdd06thspxkgrps8dtr2s0m9vjcyljgscygva0r9xm0hqfmljvqqev0jh0"
"stars1rdcksp79j5d688zze7cwd2dhqtyzf65r6yr9ukmptk9mvtdlj6uqx5elq4","NOTs Universe - Day 0001","NOTS_UNI_D_001","stars1fksfghmtuk52slv6wkwgq30ha95y29x63hleuwvsucxpcxm228cqhgjha8"
"stars1mf4kk8kvvq4t7sj5wqvg363zpg9y6wj0jh8s0skesxk8kcczkuuqh7pejp","1talian Dude","DUDE","stars1gp000hxrrqnz7cm9d2wug2x7mf0npyqjf4xxfdkt8z54azx3ef6sa5r0zw"
"stars19tedq0x8csy6v35cqcjy8f76j2f0fsljjytuxcvl3x4sj82tmxnqgxuu85","888 Voyager Cats","GATAv","stars1puhek9hsvj9nnk6hxg7mjchh0pxxsuyjxjv5cy8qyjlj4tz7we7s6mclum"
"stars136qremm7qx00j76mmfzpqudyy8x4s8g7gsqs7sezegkheh4t3v9s56827e","Pepe's Painful Trading Team","PPTT","stars1jyxv2whtpj4yr30lqs38fkuzk62xsjy8tx3ruv6mr7prjcjln05s0502rn"
"stars14zuxsycdr7xeznc5w84ghseu49yvr60kj9k550eaxw8yx2dh874szsy3nu","Goochi Man Quotes","GMQ","stars1hwd0r4k66e65a7lsgngww3kwuq3rwr2uhvm4wcmgkazuek27qrxqt8gmry"
"stars1rwup6dxesqv3ngekxj0krwyg6f38rajavnscalzt7pmtfvql5qjqhqkcga","Ghost G","GHST","stars1qgx9sf80rv50wgjq0tjym9wga2a5creh5hgrwx9djqky0jhezj8sl38k39"
"stars1l33upjvf6amlkx90qc2re2007cgmhgn8fk3lahunv55efasy4vvs95emdl","Stargaze Citizens","SGZ","stars19l9lrzu30tkujeqk8xdj2njfv95zzkaexymlc024lu0auk5kn7tqxhvnqd"
"stars1ee6eaha77veuwpzgpe875yrmz2k45zyquqn9sztjv2w5h9gke02q2glega","Stargaze Gangsters","SG","stars1xny6xj35q0tm7yf7swemkne4jyvxw0gmde0ud2fgtuazkgnngmas0gcaxc"
"stars1xskygsd5etsed3j0ak5pahlpmhtfp8kzdlmecrulglaptdss2yusdsaa5m","Antennae Galaxies","GALAXY","stars1elg9ljdt5xkgprs84vus38jmmtx93uxsp2y6s2tj96p2mujv9frs6p02h9"
"stars1hvrnjygdzluzxqrkxg5nrjptusc2zfkc2yl4d36lmgrhax29n5jqsjsmfh","Moon Plebs","PLEBS","stars1n2c00l5q03vj3yrh4ndjp5g0tnl9f4fjqqjzawdgxfgv6ejekrxs8r5yjd"
"stars18d3a2z6hk4jchx6jchkgxvrgqkapqwunjungqcs44pjzz2hhk7gqx9vnys","Cosmo Girls","CSGS","stars1xjscx7sg50mr5v96897eashhm8u0ulr9zpkz5h5h97vf0szvw58sftxekf"
"stars1smhmgjszrml25pg28g7s2hj374nj7z5ju5s70xll2gqv9ynvadssjv5kry","Groovy Geckos","GECKO","stars1xfrerfu7lhgcrrq7hyyesfrqufgyafdqvafy35xsh59rjsps6yfq3gdyjl"
"stars1cgqy760238ns270vpgj420pvzlwrn647x34spv36j7puattncwjq65skh0","Bean Stars","BEAN","stars1quwwm86pp8vvck2fsscm9d3y4reh4hfthcpuuwuygxpclmnaxmusucg8sk"
"stars15trksex09n69yd4uuqjtmpwwz9kp8lq766v36qqqa2zftr6synpsk3kf6c","NOTs Universe - Day 0002","NOTS_UNI_D_002","stars1yn7d7raxggmysh4e23mqc64jendpx5yf9t5jaanr7pjdh2ap55as2hawut"
"stars14rxr2luz64uaqm9tfdu2yrd0zkaltl4peks3wnd8cjxx2e0kyy0smqk86d","Eevee's NFT","EEVEES","stars1htew5vwtrd9phjupnxycffwyzhh6hxv00fqu9nj5wjhnpjptjl6syqrjvl"
"stars104f2ty9peqdf8gy8pw8fzc0pyuzkd6duykezwgec6vg5ne0v602qgcp6kq","Zen Kitties","ZenKi","stars16ka9galtk63sza2nhm8ap73vedu4ev090w66kvcrs54r9e4da6uq393c39"
"stars1ld8fejz9g5lkwyjt9hd084aemqpwjc5yw4gxr83m9q3wz52802eqd44fpg","Cosmogun","CG","stars14mp96pt0hg0wyz6k8nmgka060w6eqqenq2g2nuwsm3yq5nzmvk4shnz0my"
"stars1039h80u06wmyp0j0mqgv0g95vyq8suumdq4tcc2e65k7x0wtqzjqsch2sf","$PACE_MonkeEz","SPACE","stars1fx9lh2udnzm6nll3kate2pt36z8fppsk0vnq4j6egjysalw4jykqud7w4u"
"stars17tn2ld7kwws9k2rkvxrjd4637z22gj6lj9h695a54g40cqxyknfqp77j5s","NOTs Universe - Day 0003","NOTS_UNI_D_003","stars1tvf98hqwm86lwx569m7mpsan2ly46a680ee8x6rgysdecug5tk7sj95kv0"
"stars1wtu6xe2f5pxj0upqqut9dq4utfs29ncurm9dqe6vl096fajkt7eswml6zy","Billy Onaires","BILLY","stars1z4v0vnx6sarqx52wrr4v8m3wdqxqm3kgt9v8vc8wxr2juygpxyfq7cayfy"
"stars19skywd9vsq2mkfjx8d0wy4ut9zqjpg4tmyd2mlztugmf9rp443fsxrnzm6","Cosmons - Starters","COSMONS","stars1yl40pye37xk2nqmv7x66w5c9w3cvwvqwjp0lltaaluxsjm04f8dqhle2y9"
"stars1lvz4svuk70rrk5dxnvmeg9jhqartetr54addx37t32sgyy73xkesgfwys6","Star Penguins","SPGN","stars10hzgl6wm44f97msepwc78hzwajth0vdzt0435uu82py6fjt09ams40k4wh"
"stars145jv9kphrlt28rcgpktn20w9rndtul9lptstsuf53sac4jcc5lqqh4d3x4","Stargaze Warriors","SGWR","stars17jttxmrpmsn3y5sch6x0f2wy54c97zxt8rxut5q67npssk3wuw6s2ptf0q"
"stars1fgvuv7gqpv9jtmzvg3x08a83vqr3c7cxtk8jcsknkjflrfwzj35q92mxzy","Stargaze Alfa Gang Club","StarAGC","stars12pnuvt24j6wv0es740prskdus4dzha7j3nrdhjkqvny3kxrlz0vqpzmq9c"
"stars10804823gxas3d9g8knrutvzkkz92m2ctvsafnan8zw6cqa6sd47q7hr0ft","NOTs Universe - Day 0004","NOTS_UNI_D_004","stars158l6gd35v7cydkhq0peh2f68rfluwhuwt5v43jt29eqpgvu457nqjc2499"
"stars1ncfzecrkeelsjp4ru2nuvh4wk23evde63jwgw6054ltu9hk3eh3qg50qsz","Stargaze Residents","STR","stars1j0mdgvz9v9a5zpeuq40z43acze33g2npulggf7cdmdqeq3ecp9pswwrzya"
"stars122g6l5ejy87dm85snhq6xmq9j6vn9chj0xgeajsqlgppt3xfadzs7mpwvd","FORTunate Cookies","FCX","stars1v9kjyd9exdl9n5t05neg4lqa8a3rwl5rza93msdtnvg77qcmhszskh7z3u"
"stars1k680p3jgxrw3pr5as8lzryj6j3xt8tl2uq5rznrt7s0kaxwwe0xsze3y0e","NOTs Universe - Day 0005","NOTS_UNI_D_005","stars1nawn8xguk4459j4a6ve8whvm3mh44l3smkanazmdntc9yv658dwsze3z29"
"stars1w8utct6h9j7l28c0z65j3tp9x64vemzvcy3hnvgayunqg42p9zuq3dl3v0","Stoned Andreas Crew","SAC","stars1et6f5hlr36427g04u3c7sj2ph033tl06aw42mcfs058a266np90svm9x7d"
"stars1u760x9pqg8r26lwea6wen6ltavwdncxt936aq4hcsqgtcdq5279sa2nept","ReFi Punks","REFI","stars1cmyxpudgvzpf3k7kdxsnc8ft7cvlkxr4yh84zt3u5uf6pneqz26saq45yj"
"stars172heuj2lx9d5elnr5cmkmda7g9w69f4qy7mgu97rrfk6qefmfz8qhpuuel","Stargaze Warriors 2","SGWR","stars17x6mzl2n5lwtljrkk5kzwuc8u5f7vpnm4p9mwkx483nrnn7hdvcqnd0hfq"
"stars1fu8uvscn2907tg4nkzjh2nvwdxu8aadqymmezjk2pfkxz8ut5myqdmp6s4","GhostGaze","GG","stars10078s3xjgz6nz2phrztddcqt9z84eeshnqw4lyf8spxp7z3gdfuqt8tve0"
"stars1h9h2j7r42tn7aazgvcmchaq2nluynp9lzrfg4j6f87rl3zatlcfq0tgq8n","ReFi Punks","REFI","stars1j7svfq5w3hm6430fedkrqerep8xw4lvwvwr0fux8sn4wct9rjw7sqxsy6n"
"stars1sdw7euv3tjzf4s3q6a8lfra8fxf9su5dd9g24trkx04lmzgxs85qlme78p","NFTVs","TV","stars1vpfkelvaxstr0jw3xg8eskd3pcp5jrqkpk66p3szv03ew0sy0ckq3fqzy2"
"stars1ml04utytft2pf7kpygq6ycjll56eyr9v340j64x3awrk56zldgzq3la7sg","üõ∏ $STARShips üõ∏","STSHP","stars15uh8m0e4vyyqpwh6h9cujp96w9pm5ev6rjmu6zc7rngu7eje7etqq8wl2u"
"stars13l8yr0j5cj72q0y3nty7qzfmezsrjgw64gkaqzt8ahaknz3f06wswv9jwd","Abducted Vips","ABV","stars1azttfrgftj88097y344d0g9etnckkvpz45xg9ns6vx690x39qsmsljalrv"
"stars196s77rth9h6vlwkfku08l6jfcktd5cvdtf4xp40dfyxk5pr9cwvqy2stz8","Doggos","DOG","stars1n4y7led6y38zkx97a0uv3wutxhymcsqetgfc6wdf4qshsxfal56stuepge"
"stars1kxwn0x8tjpxfjfs6eq222yj83jl8ydltf4yy98k0hzfl8748k80sm7mq3l","Stargaze Radikals","SRDKL","stars1mzgkaupj6t66ndl0z0maeenaj8ydqmwp69repj0deunnh2zm0uhqqy6lgg"
"stars1w0ud0j0ynllc4yk3k4jpndshrcky7sz9u0m09lak6amyewzxnmfsf8q03g","Dgenerate Punkz","DGPunkz","stars1hwfegwe5kctg80fyaushjtdnwwvwdfsj5r5gz4sc0spcr5r3at3q2lllnp"
"stars1plxgh8qkgjkds3eff4tkg24mlq5wkhqh8cz6t545elktrw6gy23s6kexnc","Stargaze Warriors 3","SGWR","stars16xkuke34x4tl5vjq9ke57ugaxn2gqr3ncthx9z7tlrx04kfrm3rsaaulja"
"stars1htw9d7p4eu379wy0kjun90cmevmshskveky52x48yxn5tqxj32tq3lzmkz","Blood Ritual","BLDRTL","stars1f69cafnvv9c5js2tarfpleuhce8n9mmgx2uxt7w9ttdtquaucmqq8uul45"
"stars1vzdaf8z6qrgx6c3jfzuyx46fvw6dljrkw32gx87xw0n5m8f56wtsfsf46h","Ganymedes wAIfus","GANNY","stars1hufcu9w3qm37q7xlnhtdqg5y4qa5l5lvgmeupv62mdcmpj9c0fwq0yf6r7"
"stars1xwskfl7cwggg5w0ddg2v4v475awxf8weq9ce9xlvnk6hmd6tsn0q3xs0ef","DISTONED","STONE","stars10576ghrvc09aa9uamqmrlxyzvu4tdrls8jmugxlg7v4mpxerp9jsyfqk34"
"stars12rtyqvnevgzeyfjmr6z456ap3hrt9j2kjgvkm6qfn4ak6aqcgf5qmlt4sq","Plebs of Cosmos","PLEB","stars1eukky5zqy8hxsn8lklxyzm26e8uv42fks5alvhrj7eexkyeml88sx4lhfv"
"stars1kk6ngwsfxwkcztnetwlrln7tqm7jjlkhhs8xxacvrl4tdl9gkraqmr3kye","NOTs Universe - Day 0006","NOTS_UNI_D_006","stars1r0n8mkguhfck4tljqzwmtkm6u4gm45lqzz8ygzektrgp9jlhjh6sjkv6n6"
"stars1nmtk7hm3gz70f3uaxeulg6q2jpr8e56nmrnghqqgwcuns8qxh4tsrdmn5r","Waste of Space","ALIEN","stars139ghufk7v4teyvp9ath3crdhqa44gu7r5ckchu2xklxuepvtcqlqrt58al"
"stars1vje9gvq8rmm7ktssdnmsucj0yxg3e79hsn3ezcguvg2nqh937alsy0w65l","Stargaze Wars","SGW","stars1mh8ya0jc05wazmzq2dzs0sd465clc584gf9zdlgzr8052lu4nppqqzsz9v"
"stars1fhyrr0av897enutfrwef6r2h82svff03lu7c5x3s9swmljdu94fqtcn3jd","Glitch Candies AV","GCAV","stars13w3s8pxdjccm9s43xxt3s6ar94x7zn26wt5x7ar94pf49qxpu6kqsj8ufr"
"stars19sycsspujvxzhnp74suvfxmsdfaaytsj7gk6ldpjd06k7lkrat7qeq2ue6","Cosmic Dust","COSDU","stars16tv3q89jm8ct92l0pm3wq2q5wje3092wjvhkkzuk50uylndu7qus6rjh2k"
"stars1dxuf4mufwtdg4kxk2zl088lt7462vgch0n8f07f8luqkv6axjggqes3q83","ü¶ù Cool Raccoons","CLRC","stars1xxf2ngvfpa4tvum4mastqsttygv7n55uf0484tzzumsttmtxv7zs8lu8hj"
"stars1rtlxdfsatpr0n4yzmg5fftdkja2r0cvm4pylkrr42wqmetnlrm0qvwsfz2","NOTs Universe - Day 0007","NOTS_UNI_D_007","stars1776jdspvev5t2luyvw2fc7966c6809kfhrl7wmccagjepys7m4pq6489w6"
"stars18udqf8r56gdca4fgzeyrrvswes4f98llsygfdf08hhjc4xaj0afscya7lu","PoboPunks1","POBO1","stars15sdfl2a0qnr7uugjk6fv7utf2j900slzq5lwdzfp84t0zn277zws3h5f9x"
"stars15jrm3w9ku4ctf8q5kegxm4ppnx6h5uhj0h00n5526sk3ss803lxst7c70t","Cyber Citizens","CCNFT","stars1ywpwmxx9ht6yw3p3ccfcuj5wt0hplve2t5hpgrxua6hmjw3klvssze9le9"
"stars1u6wrypaf0x599wp7d0ugsr9flqktavtw5qkuqvdu37n83pwtjpwsecqykn","K A.I. W S","KAIWS","stars14cjtn7ryqw954pjkrs9j3wzsjkdtnnm6hhczmed6zhaqr9xwjvusjra45t"
"stars1zalw92qlracu8xkflfsw6pzy5pqxxkcx3szcd9ytz2kv6xjq3nqs7vcjmf","Artificial Imagination","xAIx","stars1k3h20gk7dmu3992gt0ycxaqu98ug0vp0aan0pglxqppuwu7f382ql4p6x9"
"stars15vf67q55kv6q3tmj5xyz06j6awa080qeg78m6mlssvvr9wt2xveqykfpep","NOTs Universe - Day 0008","NOTS_UNI_D_008","stars125ukyn5jrdegcp5j8yngaftxanu8h4fycaj3e95e8tnvrdlckntq47r3m8"
"stars1j460nkvfn5h8pj2xv8fxkn54sjja2tjmuhmfyt67mxucz6tuj67q9fcnu2","NOTs Universe - Day 0009","NOTS_UNI_D_009","stars1vckc2mmzpqjz5t4mtnue8x2d5zsr7pzm9fzr3932zdp6k0nm7kssdyg9ds"
"stars1ljzcqkng93sand3x6xvvdzg9jxrgtjtdu0zzmsjg25a8vz899xuscjnhpr","Space Rabbits","SPR","stars1h9dqt620gqq8d3h860e7wjy64sztyya9c77chrsxpdz4y90nt3qsxl9vvl"
"stars17yq53wk2zt8t74nqad057dukal566axczac2udffrrgxlh3yd0asnt3zl7","Shadow Impressionz","SHADZ","stars1n2eq9smuwrk727r46js972h9pux9m7ux6pq4vq3pgudrnpr9ve3q6zw6ne"
"stars1n7gwwragyp7y75cyyf6fqh3egsk47qq7zy0g8fhjjctgsfmdkl9setvh4x","Stoned Andreas Crew","SAC","stars1t04rsxgd3g83dufmxdax3hh7p267yk3a2wvdhh79h23z2rsfp85qcshqd4"
"stars1meveupa6qjla837vtffjrtrvtszsm3ggnvn8d2swda89clgtp07s0un79q","A-Z","AZ","stars1aymqfv6um5rcpq4e5gt6uqvfdrnh06hy2l4jq4kmlthksf7xwxesuugfxz"
"stars1ga4wpm2v4cn5uht6ryrwew3fv8pk2fk48jw24x2pwsgt4g87zlxq4p2qfq","Cyber Citizens 2","CBCT2","stars188hax0twwul2uv7afkcmyewjw3hj82kgc3y3e4myycywqm2cmttsc8awhw"
"stars1djsnl4adr8ayu8daerq0rs267rehjrqr4pde68e58qmyfrrsekkspvfelv","Androma Punks","APUNKS","stars1sda9f3y7yz7wtphxwkdu23qafqwdpw784dlyc6htdfmfys3swjasvzmlr7"
"stars19dzhn75sq9srn24efmxwjtvhtnt5hn9vljtjqspnhvcxe4zwwajsg7vlru","Sub Terraneals","SUBT","stars1vpl67ru77nlyvg3r8jar65q3fqp3fmndjlhnveh6su97027djk3q3vq5ps"
"stars1z2e780qctyx9wt22pp74xv0glue8qg8zqrtwp58z3f5yeervp3uqa65096","Parallel Worlds of the Classified Cats","PARACC","stars1r9nnzj0xtfs507yyvl5nsaeck5e4ztu2a77hhga8gz4rf9a0a35qnj6g8h"
"stars16d6ptdsqqhafh5uzjdexuc63e7g8zajvjv2cv5qw36v0xg09zw2qp8dqyr","MuscleMice","MICE","stars1m7uwrhuss2a8ljekdrhermp37dlepv2azzyjqvs944ql2u6dsyvsq2zz7v"
"stars1k02gsmf072yx20908mj7qlhx4ayp36ztq5mrv4vah0sfymz9lazs0hvd6l","Cosmogun Rifle","CG","stars12zr6fhqkms36ufzjz2d3fa7h6y9xw5yn5cgv0hj3hnrsmcdwhyzsdyysrc"
"stars14z37scghq6mzy84rn2zchcswyyy638ew8xm4sqlvqrhhrqtzj36qw8elt2","Boki Art","BOKI","stars1xe88zcnpnr24ejq2g720t7l94pl988s3kje5wusqey49glye5erq9k9kxc"
"stars1g5f74me7l6r3nupdvgnu0udxvss39896wmh4l2sut2lx8npujaaq0gt9rw","THE GARDEN OF OVERTHINKERS - an ANYO side collection","ANYOG","stars1x8lsgvcynfcd2fp06zhc4340syzdfuanq8clvfgvlzsmrv73w4jsutg9va"
"stars1du7d5enqfqmygepy5mu7y7sd9w4307r2tq53xc5l7s7hhqgm6uqqjc7rw3","Nyan Cats NFT","NCATS","stars1fpskp97dxvmtapsg82txpau6l0fkmmcv7pjzjfhews58x6j3qtksdse5wt"
"stars1rv3wy8cxhckne8jn5vaml6ptrl78lqe5fx5wgdsrf07cdrxawutsy92tgv","stargaze mfer dads","mfdads","stars1xcctzrzgjzxs0eq4msrnn6k2a8su00djep22k0wvc5ht77s8xugs3sx6wj"
"stars14rrxpnuxfch2ym7a3qv9yg5n2up5aksrepy8qu6mfchrctsg7zes936asz","Shadow Impressionz Evolution","SHADZ","stars1ewnwwmuln6ezx577d9g709y36fs5zj5a2vz9yeycevgdy0z4m2zqj9kqe5"
"stars1pfd334jvhas9u9xr4ccef7ugrf7aslrmjpp3zja546q2wh4a8avqd0xww9","Wild Collection","WILDCARD","stars195nqyjg45rr0tu4jccqw9uzas0pjv33267pn788nhawu5xj6qw3qjr3gnj"
"stars1lwyyvv0mchu7sujq20zyw4ts759tftqh78p7mwr9nqjsvmxedvvqxz2dpx","NOTs Universe - Day 0010","NOTS_UNI_D_010","stars154g4jqlehew3k4tney63up6mjf9n43a3ah4v3g2ttvqrjyejgggsu4d5yk"
"stars1qkhva6ned22md92vx5pgv8w80rusqwtygghe08rs0397y4dwrmgqmv7nrx","Stargaze Chaos Imaginations","CHAOS","stars1c09hgar9ww3rf609ddq455dylkc3wrjzg3cl9freft47ksv7w9hqwyd82l"
"stars18nj7a5p6g7agf76zyp2nrnv0fcjrfvsc82c5w7zzsdyjzgq0na3sfq92uz","Stargazers - Rocket Fuel","SGZFUEL","stars1zjcgsus8t7098lrng8hu5jw2whymsn5jl79trzrsnjdg5g7m75pqeuejh5"
"stars1svw75x6ycft7uuhyx8yysgqcmg9nasnp4p9k3te727d0kmld82tqy9lsxp","Kind Pinguins","KPIN","stars1nkdql4kkane55fqnysqte9uf94vcqcsgusga4xvzk633dnlj5u9qd2am7z"
"stars1g45ap94qt0lf6qfup2mee5s6yw2js6kxl7tuuzsfh46r7gnt5qlq6kjuuc","Strumages","STR","stars1y5hrz9tkcqxhkjk9ppxtf0050qegc0d69wjasjm7fnr0ecrrec8skyncre"
"stars12qy53txlq7543yaszuxspkexnuuq8v4pjhx58ha6rtxpvvdtrj7saxd9l9","Stargaze X","SGX","stars1s6k3xadak5jcgl2dyqgkpyxkca7shyfj98xchy0ujv7h7f9h8kdqcz72p6"
"stars1wspqpkrpw6pfwakp6fmekkunrss20dktfawffrt3f2w6pl8ps7msgfd08p","The Space Ape Society","TSAS","stars1uz2g2dqfw6g3eu5ehue4c83vxt455jcegck0ztfdt0rrk39t6kcq70nx7f"
"stars13z3y0leu0zjkupduqrfgzcthyqcj0h30mt75at63jyjhfvm2mzzqpavj27","Cosmo Fighters","CMFGHT","stars15duvnjxpmyy3r8wym6746qh3hy4nk33k0e7daajyjrmdxm44m66qj6qvf3"
"stars1a2qc346fq63gchl333z32purtchq8h7qzhm0z5wrc8dn6055kvzs7t6kuk","Stargaze Robots","SGR","stars1zethkyn3ke4yklja43yxc0xwj067lmaw4znc45tlleds4mjk37cq7tpwj6"
"stars13zxsaxxuv77yrfhc07t87mn9x2jfyjn2k0na594j5s9cu6j97q3sp573wv","Starstudents: Matsuri!","SSM","stars18vzwaa5jp4gynrcq9hm6xc5vefx06gtmhuy3vdjnmrf058dfluys2s0dwz"
"stars1lcjqz5207evdy0xrr29fpjweyp0a4pfgs3kaq9czg24zwcad20aqk30h5q","Starstudents: Matsuri!","SSM","stars17ryxq5xvjk8hq4097pvylta0jeld6s48a3wjq033xm757sxftmws49vg7z"
